path	size_bytes	sha256
ces_alpha_k_full_grid_seed42_20260723/a010_k3/events.csv	5759994	bd99daecb911f36e59cb36243cc64a86d34f152aabe402f9644a7dbfc0f9da5a
ces_alpha_k_full_grid_seed42_20260723/a010_k3/groups.csv	52202	fcdb23fec95130994534d2c3233a2f4cb4b610f35b887597a1b889402556189e
ces_alpha_k_full_grid_seed42_20260723/a010_k5/events.csv	5692610	17ff48fd094ef2b0e9d2b58ba1a7fe2489674ea6a99c81355b030c6d459244a1
ces_alpha_k_full_grid_seed42_20260723/a010_k5/groups.csv	52015	53c96bb6e9171df1e1bf0709fc308644506515418bd5a5920b9a95c70916a630
ces_incremental_split_merge_full_20260722/seed42/full_regroup_no_post_seed42/events.csv	5712246	55e104f178a4b30ab6821b1329844dd03452f2d4f9fc25fe79e55879dc0391c7
ces_incremental_split_merge_full_20260722/seed42/full_regroup_no_post_seed42/groups.csv	51912	645587bdd141efaf4e45ddb5db95e35987c866af14860a5ae8db226ab5489ac8
ces_incremental_split_merge_full_20260722/seed42/incremental_split_merge_seed42/events.csv	5731153	fd4c0f9bf8de111f0fd31c4f27e2b23d5ce3150618b0502c162c1cda86af2e00
ces_incremental_split_merge_full_20260722/seed42/incremental_split_merge_seed42/groups.csv	67591	006f7962d521698376ca6c13fdf8abb229778758ed618f588aa7c136c0b39e9a
ces_incremental_split_merge_full_20260722/seed42/standalone_seed42/events.csv	5752807	62a341a879f7231c3ff876134004cc0d494cc9d19cb13b6b177ba3dd898d3d8d
ces_incremental_split_merge_full_20260722/seed42/standalone_seed42/groups.csv	52089	793f6cd385e358f4f7b3b16f5e414790f01c47c08062a10450dd6e3510b7a552
ces_incremental_split_merge_full_20260722/seed43/full_regroup_no_post_seed43/events.csv	5757100	c83f9eb21f0ca689b9cab814a08f590c8c97fb9d2a0ce15d24441fffc3a53266
ces_incremental_split_merge_full_20260722/seed43/full_regroup_no_post_seed43/groups.csv	52035	b0c23e7539380c687abfb647424d84a4554ad5c632491cd9b8d2dd9f6f0c6055
ces_incremental_split_merge_full_20260722/seed43/incremental_split_merge_seed43/events.csv	5725125	7bab064857d997931107c61a526792f57d0c17cd25604592e859ba10c2a8c62f
ces_incremental_split_merge_full_20260722/seed43/incremental_split_merge_seed43/groups.csv	68069	394b69e70f94a76dcf64f910830e98a45feee2375a3aeb77450caa18a7556d79
ces_incremental_split_merge_full_20260722/seed43/standalone_seed43/events.csv	5798435	1e43c532ee79b66b0ef85521f4d6d5b993f6ef952b297fa62d27388bf0b4961c
ces_incremental_split_merge_full_20260722/seed43/standalone_seed43/groups.csv	52196	1f188b9851e7e1fe0446b9bc63265ca3f04e689fd3f74d9d1f2cdb1ce4875edc
ces_incremental_split_merge_full_20260722/seed44/full_regroup_no_post_seed44/events.csv	5752724	c6c52bbcb13a71b7535e8ec86cd89094c95c7872deba87e3ad1c3fb157934146
ces_incremental_split_merge_full_20260722/seed44/full_regroup_no_post_seed44/groups.csv	51951	d83b4f98ba1c282aab8fb047394b15f66fa73d90b6d3d3b43a2980427a4ad7c7
ces_incremental_split_merge_full_20260722/seed44/incremental_split_merge_seed44/events.csv	5721070	f99acc619bf98c6b526a8a86d26f2ac7f89160a376f8b3dc07907f237289d6c4
ces_incremental_split_merge_full_20260722/seed44/incremental_split_merge_seed44/groups.csv	67880	16ff0f6650d7ff1b7f5419ba3ed6c673df471f56def315a6b15798fcdb26f8f4
ces_incremental_split_merge_full_20260722/seed44/standalone_seed44/events.csv	5738798	a518d3d9206e3ec7cc1cc5005175622c53616e8a2b0b763e9ad61f1bc7addc2f
ces_incremental_split_merge_full_20260722/seed44/standalone_seed44/groups.csv	52018	c44819d1b068f911d4d90212c56be60003d47cc5fdc790591753a83c0821f659
ces_incremental_split_merge_screen_5k_20260722/full_regroup_no_post_seed42/events.csv	788978	73704bccd53290fd14360fe44b71e429679b9b553b5cedaf4c60ad62ff4304f3
ces_incremental_split_merge_screen_5k_20260722/full_regroup_no_post_seed42/groups.csv	7525	98c97462684ca6a2fc1b11983cde855c30c78db27b32bbd526ba00e43d880f77
ces_incremental_split_merge_screen_5k_20260722/incremental_split_merge_seed42/events.csv	786043	15d7ac2edbbecb5e21096c2c5016d1c19f379299df139b9fb957de8b3faf8cc6
ces_incremental_split_merge_screen_5k_20260722/incremental_split_merge_seed42/groups.csv	9552	40faf70a5a5a559ebf146cfa7a40fa64521cd2ed334eec50ca55725faf204728
ces_incremental_split_merge_screen_5k_20260722/standalone_seed42/events.csv	785937	6736b12d677026e86a53dfc4ae75978360d193cdc962bd9861f4979f2dd5714c
ces_incremental_split_merge_screen_5k_20260722/standalone_seed42/groups.csv	7519	43e691edbdd728f0f206d1d4a91f912ca4d81e8d71657da1588bcf5a51022340
ces_split_device_cpu/standalone_seed42/events.csv	156893	ae8d3b25a4374572bc1f006a95629f89b2a0a9b24a7c1fe2ae09e765e34e3c06
ces_split_device_cpu/standalone_seed42/groups.csv	1570	ea81a50d5a89b364a56dbb16c7d234206182be8f1af6df9cb0c6a251858571fc
ces_split_device_cuda/standalone_seed42/events.csv	156913	7b4b4d15787f7e3374aa4fa4e485f030885796437296c1c51c1a303667168db1
ces_split_device_cuda/standalone_seed42/groups.csv	1570	110e0cd6deabf11e2658b127240183f4ba83ab7f08abfa26e3110f966debecf8
ces_split_shadow_screen_5k_20260722/split_relaxed_shadow_seed42/events.csv	786293	3d44b5a14123dfb7108fa81208de796245f39af8ec50e6459c321275cf93a4b7
ces_split_shadow_screen_5k_20260722/split_relaxed_shadow_seed42/groups.csv	6507	0022705e19a61ff53322c962523bf5e65f01011d2032f3b5de92fad651695b6e
ces_split_shadow_screen_5k_20260722/split_relaxed_standalone_seed42/events.csv	787471	eb0dac7e4f54baf80174b1ead0b9f1e0b7c253c3516dd17c039c10a33449882f
ces_split_shadow_screen_5k_20260722/split_relaxed_standalone_seed42/groups.csv	6524	414ae949cea2e8fbe91d903a5b1b06f1497c9c65ac887f113498a166382b0abc
ces_split_shadow_screen_5k_20260722/standalone_seed42/events.csv	785937	6736b12d677026e86a53dfc4ae75978360d193cdc962bd9861f4979f2dd5714c
ces_split_shadow_screen_5k_20260722/standalone_seed42/groups.csv	6524	0d1aa935024a46c005b84926dce8ffc12e21eaea2ba52d4e3bd6ebf7e28c47c0
current_ablation_tables_20260722/ces/clean_gradient_seed42/events.csv	5795165	6aa7991f4d621efe7d71291fbfe537f58f76f10b3875aee64e3a487cca66872c
current_ablation_tables_20260722/ces/clean_gradient_seed42/groups.csv	51958	3d4d6d2bb69993d1763bf416419738323fa7169c922ecabec1b1bf3bd9e70a56
current_ablation_tables_20260722/ces/feature_grouping_seed42/events.csv	5645514	7cbda0c2fca3fc8ba9a2a87c6da8481612a9ea9b2c2e2d9b593019403ed94588
current_ablation_tables_20260722/ces/feature_grouping_seed42/groups.csv	51968	e4e2cdc90478aece14023304856569cf35193d42d72f00590bfab429859f7ef0
current_ablation_tables_20260722/ces/full_final_seed42/events.csv	5727534	4d74de77f603a94ea6f6e308d85b943b57592244428370de6e3a4fe0b1a3ca7c
current_ablation_tables_20260722/ces/full_final_seed42/groups.csv	52021	cec5608fe23d095cdc2ab0e88574d81aa9269cc66f1ad7302f3e096532a37e1b
current_ablation_tables_20260722/ces/random_grouping_seed42/events.csv	5654525	053fa97291289d8f1e13d26386eba0eaeddd2c3b9b82a3be828a52d3912879b4
current_ablation_tables_20260722/ces/random_grouping_seed42/groups.csv	41984	8c0a3b604856add270615dc3cf2989fed72b4ea0fae0251b80dd38b7f759eb62
current_ablation_tables_20260722/ces/without_personalization_seed42/events.csv	5341336	cd75aa87238e558351caefa770f362677cb15637694152dad15dce5a20a9e31a
current_ablation_tables_20260722/ces/without_personalization_seed42/groups.csv	1	01ba4719c80b6fe911b091a7c05124b64eeece964e09c058ef8f9805daca546b
current_ablation_tables_20260722/ces/without_sharing_seed42/events.csv	6693973	78f2282464634e990774e454299ababefeac33749fb69abe2a1ac371a90cdf10
current_ablation_tables_20260722/ces/without_sharing_seed42/groups.csv	1	01ba4719c80b6fe911b091a7c05124b64eeece964e09c058ef8f9805daca546b
current_ablation_tables_20260722/globem/clean_gradient_seed42/events.csv	1049602	a5f7116653c85c71385257ddd1aafc4a4c592a4188d20b5c36fd973efcd06e35
current_ablation_tables_20260722/globem/clean_gradient_seed42/groups.csv	11041	b7c8c5c831429c4286fe8ca382d812c4a4555010ed62e4cb0039a70e791fa48f
current_ablation_tables_20260722/globem/feature_grouping_seed42/events.csv	1034523	09eb7ee489cf3ebe44adb3fc592ab6e050f26fae52b33087c22c192d7d83b68b
current_ablation_tables_20260722/globem/feature_grouping_seed42/groups.csv	11089	f48cb3fb7dff9089072ceedb382679a5e3468c163690f8eb6733e33a52a695f4
current_ablation_tables_20260722/globem/full_final_seed42/events.csv	1049692	7fc8b0f0763237537b6202efdb53857c3589ac7bcbf7cb2aaf2fd2d897e2a52c
current_ablation_tables_20260722/globem/full_final_seed42/groups.csv	11022	01f7b1822e972e56dc430d802191a36c03da544904d2c00888a01be83a39dcb6
current_ablation_tables_20260722/globem/random_grouping_seed42/events.csv	993538	6472db0dfc1b61eba0960c1b3085485712b802c092ef556e902eda0e96e8437c
current_ablation_tables_20260722/globem/random_grouping_seed42/groups.csv	9011	cdd3d35cf3a531d77e08b1ef6d6210d9b6d73fe4f2caa383dd9ccc9966d6714e
current_ablation_tables_20260722/globem/without_personalization_seed42/events.csv	943887	0f787e44c61ce716c237e4a7f02004a18567af09eca0f805cb0dec2a3a9e1d31
current_ablation_tables_20260722/globem/without_personalization_seed42/groups.csv	1	01ba4719c80b6fe911b091a7c05124b64eeece964e09c058ef8f9805daca546b
current_ablation_tables_20260722/globem/without_sharing_seed42/events.csv	1088260	baabd9e67cc887f416d20f37b6453749021c2991d3b3cf62a012134bd845da80
current_ablation_tables_20260722/globem/without_sharing_seed42/groups.csv	1	01ba4719c80b6fe911b091a7c05124b64eeece964e09c058ef8f9805daca546b
fix_6dc9a15_cuda_standalone_smoke/events.csv	29154	58757f63afea7eb0ed3a9b2c813854ec3e4f793cccf01191afa6ae9c4694c396
fix_6dc9a15_cuda_standalone_smoke/groups.csv	2901	98848d5462a5fff4c2d7fa616f5a2833c2e6cfffc849be9ae8db489c617488c0
fix_6dc9a15_data_ablation_seed42/ces_historical/events.csv	5695561	4f86fb73096383cb52b0c89d06b94b3af13b57def361efbc3f66c854b47603cb
fix_6dc9a15_data_ablation_seed42/ces_historical/groups.csv	52037	ac108707a6f6e5f46525dd973efa819493a704ed5be12d1b7a6ac4c6f6e92074
fix_6dc9a15_data_ablation_seed42/ces_without_day/events.csv	5719241	d7cc8abf5cec8abab48f371c08960a4a78d18641db0459aba642f50284237d27
fix_6dc9a15_data_ablation_seed42/ces_without_day/groups.csv	52151	34b2a1687f34256a6efe0db9816818b902ae244deaf5661b96d3449f1cb3a18e
fix_6dc9a15_data_ablation_seed42/globem_clip10/events.csv	1028472	fae6538456eae8f052b3132536557bec09b8c2ae75fe4f851ab44d9b0ef0348b
fix_6dc9a15_data_ablation_seed42/globem_clip10/groups.csv	10304	03b2d2eb2fc18671c86bd3fb5025ffc2fd38f359f972d8aed296de68d7667419
fix_6dc9a15_data_ablation_seed42/globem_historical/events.csv	1028790	7fc3882c3595d2851f3ac83de4eabbbbcd291ec1633757ae8fee24862a98ab88
fix_6dc9a15_data_ablation_seed42/globem_historical/groups.csv	10412	2ae97e022a4fd927d607b2d3a68ab0badd153ac3918c1b857e784d9091a805a7
fix_8ad36af_ces_joint_seed42/ces_historical_joint/events.csv	5696371	c81744b8e3e192f0902a4baa3092a4af922803f9d7e342e6983e8abbcf643e6a
fix_8ad36af_ces_joint_seed42/ces_historical_joint/groups.csv	52514	e4d5fde245506f19e2b8324e51e30fc606e20c09a55feea63f21116335693ea6
fix_8ad36af_ces_joint_seed42/ces_without_day_joint/events.csv	5722989	ddb8fe2f69c6938bc31e08c748d2d1c97ab652afede078f858263b946db43023
fix_8ad36af_ces_joint_seed42/ces_without_day_joint/groups.csv	52418	08ee75f7c90c6727d4b96d054a0a6fa3062e7965b13da8cbdf1ebf59387968a1
full_based_ablations_parallel_seed42_20260723/jobs/ces_classification_full/ces/classification/full/events.csv	5740399	ef5dc7beb75c347d9c9b9eb698194f50565a9832fdbeb9b1bbd7964b32f805e1
full_based_ablations_parallel_seed42_20260723/jobs/ces_classification_full/ces/classification/full/groups.csv	51982	1bc8ddf07cf0f1c62d222a91c37e10e7feb13b3295a893bbcf96d6909fc165d9
full_based_ablations_parallel_seed42_20260723/jobs/ces_classification_full_feature/ces/classification/full_feature/events.csv	5622907	4bbdb5072610ed09f775745a3b098aedbe97ddacb72ed728d1d29b538acd2aab
full_based_ablations_parallel_seed42_20260723/jobs/ces_classification_full_feature/ces/classification/full_feature/groups.csv	51473	8f5d08e65064b7c50194bea3336d9118ab8b1cd9328f769dc22578b928104f05
full_based_ablations_parallel_seed42_20260723/jobs/ces_classification_full_random/ces/classification/full_random/events.csv	5624724	f1c493afb1b4a38a40b46f8b272a003187704690cb576ba23f03945ded2ec136
full_based_ablations_parallel_seed42_20260723/jobs/ces_classification_full_random/ces/classification/full_random/groups.csv	42142	82b0ecafc98e075800c91d2c23d26163740291bacae727601d50b5a391449cfc
full_based_ablations_parallel_seed42_20260723/jobs/ces_classification_without_dynamic_reassignment/ces/classification/without_dynamic_reassignment/events.csv	6328107	265f0af859e49c698679f3100bc04324997fb46b3b52671d58e7ece6bd48f307
full_based_ablations_parallel_seed42_20260723/jobs/ces_classification_without_dynamic_reassignment/ces/classification/without_dynamic_reassignment/groups.csv	1209	e215a052d021da1a3261a5101ad5f8253b39528330d0d25cf710ee5d60b05b62
full_based_ablations_parallel_seed42_20260723/jobs/ces_classification_without_mature_refinement/ces/classification/without_mature_refinement/events.csv	5725517	4010a9a88999c39eb1719639bd2cbe0c6c5bb5265abbc603dc99c7ff15ea53ba
full_based_ablations_parallel_seed42_20260723/jobs/ces_classification_without_mature_refinement/ces/classification/without_mature_refinement/groups.csv	51905	3eccb7847979eea09d59270cc2b66a923074356821af85d8b5f167bf62bbe467
full_based_ablations_parallel_seed42_20260723/jobs/ces_classification_without_sharing/ces/classification/without_sharing/events.csv	6631374	28bc469407a52d7fbf5abef1a32e4479df4cbff1b32105867963cff68590135c
full_based_ablations_parallel_seed42_20260723/jobs/ces_classification_without_sharing/ces/classification/without_sharing/groups.csv	1	01ba4719c80b6fe911b091a7c05124b64eeece964e09c058ef8f9805daca546b
full_based_ablations_parallel_seed42_20260723/jobs/ces_cold_start_full/ces/cold_start/full/events.csv	5717362	f905ec33723822ed1e335aa2b0a6b9dacdee1278f25df6ebad7d1eef1e4c1d82
full_based_ablations_parallel_seed42_20260723/jobs/ces_cold_start_full/ces/cold_start/full/groups.csv	52219	38a42820400ea8f83923a2c3575f8e01d381bd2264cb4887c6aeff835eeba548
full_based_ablations_parallel_seed42_20260723/jobs/ces_cold_start_full_feature/ces/cold_start/full_feature/events.csv	5644441	ad69509d2a8a7f53c23a11b43bdb92eee382363122cf9b326e5c114a98006df6
full_based_ablations_parallel_seed42_20260723/jobs/ces_cold_start_full_feature/ces/cold_start/full_feature/groups.csv	52632	26c175de36865e237d3b654633ddc9c23505a16da5b030430ae1b614dd1b7801
full_based_ablations_parallel_seed42_20260723/jobs/ces_cold_start_full_random/ces/cold_start/full_random/events.csv	5634559	d1aee6ac7278b993338169deb2a584e77af4210ca38fccdf3b0ec60f97f33d7a
full_based_ablations_parallel_seed42_20260723/jobs/ces_cold_start_full_random/ces/cold_start/full_random/groups.csv	42067	b68b0539e22626146e56f206154c6454dfe9b1fddcf41ca94a912351d71d52fe
full_based_ablations_parallel_seed42_20260723/jobs/ces_cold_start_without_dynamic_reassignment/ces/cold_start/without_dynamic_reassignment/events.csv	6324635	8f67576b45d2057fc2dac56cc21342be73d6c68dd7a92482a689a55c16ad1ab2
full_based_ablations_parallel_seed42_20260723/jobs/ces_cold_start_without_dynamic_reassignment/ces/cold_start/without_dynamic_reassignment/groups.csv	1209	dab50cea205ed79d79b7340d2eca9be33fe9652078db133be783eecb6b4e615a
full_based_ablations_parallel_seed42_20260723/jobs/ces_cold_start_without_mature_refinement/ces/cold_start/without_mature_refinement/events.csv	5743765	ff7857cc8bffb8d5a35bb30a9b732b2eac07f166f417042dbb4cb8729e281a81
full_based_ablations_parallel_seed42_20260723/jobs/ces_cold_start_without_mature_refinement/ces/cold_start/without_mature_refinement/groups.csv	52154	dd6115a86076787828273a5f38af05aab3a0a20df3f009fc80c2ea1bbd88f77c
full_based_ablations_parallel_seed42_20260723/jobs/ces_cold_start_without_sharing/ces/cold_start/without_sharing/events.csv	6631374	28bc469407a52d7fbf5abef1a32e4479df4cbff1b32105867963cff68590135c
full_based_ablations_parallel_seed42_20260723/jobs/ces_cold_start_without_sharing/ces/cold_start/without_sharing/groups.csv	1	01ba4719c80b6fe911b091a7c05124b64eeece964e09c058ef8f9805daca546b
full_based_ablations_parallel_seed42_20260723/jobs/globem_classification_full/globem/classification/full/events.csv	1048966	f42cdbbca08404b5f620e4bfb9c5eae7d76d131defc7583cadfb31ae1c8a1ede
full_based_ablations_parallel_seed42_20260723/jobs/globem_classification_full/globem/classification/full/groups.csv	11027	2ce1cbe85cf3d187a8f217b752b9d317fba6902b5ac5f854e91c9b672981dc13
full_based_ablations_parallel_seed42_20260723/jobs/globem_classification_full_feature/globem/classification/full_feature/events.csv	1029927	2a17f75911fdc6079bf5cd438013638fc49c570c9225fd7c4c0a5a0e873c54ed
full_based_ablations_parallel_seed42_20260723/jobs/globem_classification_full_feature/globem/classification/full_feature/groups.csv	11120	19e23885e221672b54616a369cd41798c3798c9fccc78a2b0aa4f59fb74c5502
full_based_ablations_parallel_seed42_20260723/jobs/globem_classification_full_random/globem/classification/full_random/events.csv	1036580	93c7a747228732259d4b6d54661e9a4a3f1b310e1476e0df8806494e8405897a
full_based_ablations_parallel_seed42_20260723/jobs/globem_classification_full_random/globem/classification/full_random/groups.csv	9025	ceff1781de49d21de0f8975d6f620eb4a0a47827a0eda1c9ffe8f7df9a1d6e37
full_based_ablations_parallel_seed42_20260723/jobs/globem_classification_without_dynamic_reassignment/globem/classification/without_dynamic_reassignment/events.csv	1000926	b10eb1492eadbd43fced8ebad95665cf12e771239d5e15cf79578100ab983e9a
full_based_ablations_parallel_seed42_20260723/jobs/globem_classification_without_dynamic_reassignment/globem/classification/without_dynamic_reassignment/groups.csv	1214	81f2eca9bd4c0e6a8c60f00196f3f9b467f026f0dbc8a1d608f64e83717c2702
full_based_ablations_parallel_seed42_20260723/jobs/globem_classification_without_mature_refinement/globem/classification/without_mature_refinement/events.csv	1049170	8d583c4bd9c71c1de86b60493b595b85116f4ba1a862612ad5470b047ba9381a
full_based_ablations_parallel_seed42_20260723/jobs/globem_classification_without_mature_refinement/globem/classification/without_mature_refinement/groups.csv	11037	f83028339bb326a0e4ddc013f0b26ee768109f7b23ffc3cd4874ce673408c0d1
full_based_ablations_parallel_seed42_20260723/jobs/globem_classification_without_sharing/globem/classification/without_sharing/events.csv	1088395	c6d112b2249ad99499e503e26e430b3e4ea9fe6fa9e718a26a2bbc8586f56a6f
full_based_ablations_parallel_seed42_20260723/jobs/globem_classification_without_sharing/globem/classification/without_sharing/groups.csv	1	01ba4719c80b6fe911b091a7c05124b64eeece964e09c058ef8f9805daca546b
full_based_ablations_parallel_seed42_20260723/jobs/globem_classification_without_user_calibration/globem/classification/without_user_calibration/events.csv	1050345	8d633f0f67c3b20160fcb16c13d1aa4e5eeede29aa926f96961040f2d6076868
full_based_ablations_parallel_seed42_20260723/jobs/globem_classification_without_user_calibration/globem/classification/without_user_calibration/groups.csv	11052	f3b6deae596d58b5fc2b20620fc99f54ffd0797e3294ddacd2fdf5b3dc3ef9a6
full_based_ablations_parallel_seed42_20260723/jobs/globem_cold_start_full/globem/cold_start/full/events.csv	1053481	c14164ceedefd0299a579c366fe5541c58b1b7dbfaab8344f27018cb776f51d5
full_based_ablations_parallel_seed42_20260723/jobs/globem_cold_start_full/globem/cold_start/full/groups.csv	11018	74dd44632c723fa41996efbbe93554356663c96c02c68ee61dae5fe44cb9858a
full_based_ablations_parallel_seed42_20260723/jobs/globem_cold_start_full_feature/globem/cold_start/full_feature/events.csv	1027172	ae5631359d4215316de0d43315e7268ec98ad882d58c4982497bd72884594bf5
full_based_ablations_parallel_seed42_20260723/jobs/globem_cold_start_full_feature/globem/cold_start/full_feature/groups.csv	11074	c64c12dbd28797b87206917f8950670360ee9f91ccf839d7d1c127d37f096363
full_based_ablations_parallel_seed42_20260723/jobs/globem_cold_start_full_random/globem/cold_start/full_random/events.csv	1025721	5badd3186aa8cadda76a41f5de5777b44365c2679d4b33d4410668bf5ddad23c
full_based_ablations_parallel_seed42_20260723/jobs/globem_cold_start_full_random/globem/cold_start/full_random/groups.csv	9025	e436508a19ba10ebdb6a81313cb2086b4e710173bdff2b75342f6ed6860923be
full_based_ablations_parallel_seed42_20260723/jobs/globem_cold_start_without_dynamic_reassignment/globem/cold_start/without_dynamic_reassignment/events.csv	1000937	42994d1e8a1ed8896fdc95164b7945a600f06f36daf1bc45311b0dcd408b86bb
full_based_ablations_parallel_seed42_20260723/jobs/globem_cold_start_without_dynamic_reassignment/globem/cold_start/without_dynamic_reassignment/groups.csv	1214	81f2eca9bd4c0e6a8c60f00196f3f9b467f026f0dbc8a1d608f64e83717c2702
full_based_ablations_parallel_seed42_20260723/jobs/globem_cold_start_without_mature_refinement/globem/cold_start/without_mature_refinement/events.csv	1049894	f66da793c6705e0b94f579db1155ac6e6d4be296623019b1e2169b78547ba3a3
full_based_ablations_parallel_seed42_20260723/jobs/globem_cold_start_without_mature_refinement/globem/cold_start/without_mature_refinement/groups.csv	10982	5b5294a7219042040b62040f5c24410ec8d2b7165617b358ab0706b5b5ae0862
full_based_ablations_parallel_seed42_20260723/jobs/globem_cold_start_without_sharing/globem/cold_start/without_sharing/events.csv	1088395	c6d112b2249ad99499e503e26e430b3e4ea9fe6fa9e718a26a2bbc8586f56a6f
full_based_ablations_parallel_seed42_20260723/jobs/globem_cold_start_without_sharing/globem/cold_start/without_sharing/groups.csv	1	01ba4719c80b6fe911b091a7c05124b64eeece964e09c058ef8f9805daca546b
full_based_ablations_parallel_seed42_20260723/jobs/globem_cold_start_without_user_calibration/globem/cold_start/without_user_calibration/events.csv	1051529	0d8152a5738548edfa1f339b3456f07a70a5a1c601990bf6dd4f7879123f6c9e
full_based_ablations_parallel_seed42_20260723/jobs/globem_cold_start_without_user_calibration/globem/cold_start/without_user_calibration/groups.csv	11039	f4bfd6f26fc99587c6d5c303572c8deb1efe7e9f2e5cf9308d4808b478f88bf6
full_based_ablations_seed42_20260723/ces/classification/full/events.csv	5740399	ef5dc7beb75c347d9c9b9eb698194f50565a9832fdbeb9b1bbd7964b32f805e1
full_based_ablations_seed42_20260723/ces/classification/full/groups.csv	51982	1bc8ddf07cf0f1c62d222a91c37e10e7feb13b3295a893bbcf96d6909fc165d9
full_based_ablations_seed42_20260723/ces/cold_start/full/events.csv	5717362	f905ec33723822ed1e335aa2b0a6b9dacdee1278f25df6ebad7d1eef1e4c1d82
full_based_ablations_seed42_20260723/ces/cold_start/full/groups.csv	52219	38a42820400ea8f83923a2c3575f8e01d381bd2264cb4887c6aeff835eeba548
full_based_ablations_seed42_20260723/globem/classification/full/events.csv	1048966	f42cdbbca08404b5f620e4bfb9c5eae7d76d131defc7583cadfb31ae1c8a1ede
full_based_ablations_seed42_20260723/globem/classification/full/groups.csv	11027	2ce1cbe85cf3d187a8f217b752b9d317fba6902b5ac5f854e91c9b672981dc13
full_based_ablations_seed42_20260723/globem/cold_start/full/events.csv	1053481	c14164ceedefd0299a579c366fe5541c58b1b7dbfaab8344f27018cb776f51d5
full_based_ablations_seed42_20260723/globem/cold_start/full/groups.csv	11018	74dd44632c723fa41996efbbe93554356663c96c02c68ee61dae5fe44cb9858a
full_based_ablations_seed42_20260723/globem/cold_start/full_feature/events.csv	1027172	ae5631359d4215316de0d43315e7268ec98ad882d58c4982497bd72884594bf5
full_based_ablations_seed42_20260723/globem/cold_start/full_feature/groups.csv	11077	6403e605232f2a2ae15a0f21056b5b338907146b1374ee1a24b6535a995de6e3
full_final_no_split_focal_seed42_20260723/ces/full_final_no_split_seed42/events.csv	5727534	4d74de77f603a94ea6f6e308d85b943b57592244428370de6e3a4fe0b1a3ca7c
full_final_no_split_focal_seed42_20260723/ces/full_final_no_split_seed42/groups.csv	52038	eb748964994379ad904843290e2c71dfe1b194ab1fbeb16ef570c5cbab0402db
full_final_no_split_focal_seed42_20260723/globem/full_final_no_split_seed42/events.csv	1049692	7fc8b0f0763237537b6202efdb53857c3589ac7bcbf7cb2aaf2fd2d897e2a52c
full_final_no_split_focal_seed42_20260723/globem/full_final_no_split_seed42/groups.csv	11015	8816820546163a018b386e94455d20d75f0f521e6682d0f7d8d50f82fa11ef2c
globem_adaptive_user_focal_f211898_20260722/ecap_seed42/events.csv	1523833	7921344e0be5c9362c358c4f938327dc08fd03442afe621f2bcf537f6452f42b
globem_alpha_k_full_grid_seed42_20260723/a005_k3/events.csv	1050352	0100d2af90f737a9c52f38e9b604deb90379a1d111e098f95ce6f442858c30b6
globem_alpha_k_full_grid_seed42_20260723/a005_k3/groups.csv	11005	3370cd0a3f8595e9b763e81acb3c8e4ff41f5f092344b64f58d34201095496d5
globem_alpha_k_full_grid_seed42_20260723/a005_k5/events.csv	1050846	6bb4aa4b465a0bd9035fc8a689403b1e9e81b4af209fd1de9230077fc0d4c1a1
globem_alpha_k_full_grid_seed42_20260723/a005_k5/groups.csv	11016	46502727783f77dc34825af68b566364856edb5caa096223097a15ad1704d9d1
globem_bce_and_macro_search_seed42_20260723/bce_no_imbalance_fixed05/events.csv	965907	b95b3a227128b887bafd5fcd635808ed69ce386ae72b99e971b17da15cf8d2dc
globem_bce_and_macro_search_seed42_20260723/bce_no_imbalance_fixed05/groups.csv	11072	35b5a557c6c1810c9faec419b5196486c72119d11ac014d69f5074173857e5d1
globem_bce_and_macro_search_seed42_20260723/bce_no_smoothing_fixed05/events.csv	966094	e2f191304a349a156f4b22a3b2357d12d03f08d10575c99a595500a4ceda1de7
globem_bce_and_macro_search_seed42_20260723/bce_no_smoothing_fixed05/groups.csv	11072	35b5a557c6c1810c9faec419b5196486c72119d11ac014d69f5074173857e5d1
globem_bce_and_macro_search_seed42_20260723/bce_no_smoothing_no_bias_fixed05/events.csv	965964	279009fa626d13bec97c8a6f4450e34447fe079f67a8f185ae80093e7c75ed06
globem_bce_and_macro_search_seed42_20260723/bce_no_smoothing_no_bias_fixed05/groups.csv	11080	060e36205b63a231146a15ff96756ce5a1d783788d02b961bde891f4093fe265
globem_bce_full_final_seed42_20260723/full_final_seed42/events.csv	1068852	a0931d7c121756726088e7fd868ca7429ca25792424d8283938a76d67c9d0cff
globem_bce_full_final_seed42_20260723/full_final_seed42/groups.csv	11097	72456db756330a2b17a5b845ed1e774bf10d966b9fb322db4649e9bcb0295dff
globem_cold_alpha_refine_seed42_20260723/alpha_008/events.csv	1050019	9a05899abd11836726cac4a39f8ec9fa4b358cfecf7d3dc55f9ded48b50efd57
globem_cold_alpha_refine_seed42_20260723/alpha_008/groups.csv	11046	6c1c6bce6386d3313a0984edefd6285702cb4b1f94840c56941c3dc09ac7630c
globem_cold_alpha_refine_seed42_20260723/alpha_012/events.csv	1053481	c14164ceedefd0299a579c366fe5541c58b1b7dbfaab8344f27018cb776f51d5
globem_cold_alpha_refine_seed42_20260723/alpha_012/groups.csv	11018	74dd44632c723fa41996efbbe93554356663c96c02c68ee61dae5fe44cb9858a
globem_early_adaptive_focal_n10_f211898_20260722/ecap_seed42/events.csv	1454025	dd29529a0961707e17526988f1eb1364e96ab52fa586a881afe4be72edd126cd
globem_no_imbalance_20260722/cpu_reference/full_final_seed42/events.csv	1049671	a40cee38491b931a92bd1fa896ff0873f7f71f47523f4d19b429db1781b147bf
globem_no_imbalance_20260722/cpu_reference/full_final_seed42/groups.csv	10974	20244f5c9e8d85184abad50ae58becc3b4d26bb6be6592d8d17604efb11a2eba
globem_no_imbalance_20260722/no_imbalance_seed42/events.csv	965812	2324f93aca15d5e87363b121898ab30395343732683455af9d46227a10b47dc6
globem_no_imbalance_20260722/no_imbalance_seed42/groups.csv	11090	8eaba0b38c6c5c972e676c1fea49fc74b9a3ab9f47d4776d8b4a30e83f939798
globem_no_imbalance_latest_20260724/no_imbalance_seed42/events.csv	965940	fb00124bbe17b3be98603d34c642bc8a6017e31bcfd7a34e2375eae7da3946c9
globem_no_imbalance_latest_20260724/no_imbalance_seed42/groups.csv	11070	59766164870f4f590e2e4eb2e291760818f03cc2742196427dc6d2fbe91364e8
globem_no_imbalance_latest_20260724/no_imbalance_seed43/events.csv	966022	3b014289982675e9f55d2546604d915e2230652e04aa10c684b36a30f93cfa0f
globem_no_imbalance_latest_20260724/no_imbalance_seed43/groups.csv	11060	1e5bd72c51d1649318a6aa7f7649b2a28d6529d91719c3c5507ae6f2d00bf6db
globem_no_imbalance_latest_20260724/no_imbalance_seed44/events.csv	966171	8ccf296dafc500116751b01509699b512028df7ac392dd649a4451c6b5fb1c28
globem_no_imbalance_latest_20260724/no_imbalance_seed44/groups.csv	11107	1458bbb54ee8b6c2564d94ce58872efec8cefbee84ddc8e4314f43ccaeae52cc
globem_no_imbalance_latest_20260724/reference_seed42/events.csv	1048883	e930ece09d483518935c938fe367932e555e245d8b6eb195158c46b705c9c221
globem_no_imbalance_latest_20260724/reference_seed42/groups.csv	11030	26b06ea13c7de6a2c85f4fc117d9a5e8677aa241338b98df75ce9c09fe98a998
globem_no_imbalance_latest_20260724/reference_seed43/events.csv	1056658	20d84fbe5affe6f9775ee765d57b9c1c6085b025d293656875e2ce008224edf8
globem_no_imbalance_latest_20260724/reference_seed43/groups.csv	11047	f113a21948c5c613ce6b6f23eface10a4deb55ff03811a2e427399cfff011b86
globem_no_imbalance_latest_20260724/reference_seed44/events.csv	1062703	bda71e3ba93edf71f54ad9fa0cf6f7505fbcb03cec93df064512c4669b273ba0
globem_no_imbalance_latest_20260724/reference_seed44/groups.csv	11055	8bedcc575e3f45a9ed121f5a13dbfec2583a24f03cfa503de050a23f0b19c8d1
mature_parameter_sensitivity_seed42_20260723/ces/lambda10_d010/events.csv	5700873	8349c8bd8464f9d2c60424d61ddb5e39f6c16dfc43efb99bed8b0e5a8220d494
mature_parameter_sensitivity_seed42_20260723/ces/lambda10_d010/groups.csv	51937	3e2af0405698971566da7a574de4031d7bbf44523dcc22d9a2edcc198e2cf919
mature_parameter_sensitivity_seed42_20260723/ces/lambda20_d000/events.csv	5695057	05a08bfe9c46879fed8fd27407817e0c463cbfda59c03498cd7a942c72d5b691
mature_parameter_sensitivity_seed42_20260723/ces/lambda20_d000/groups.csv	52026	79903fc08b2ba2b8b07af3236e60ff40b8386c0d4d1c4f6dc1dfa93b35a2d931
mature_parameter_sensitivity_seed42_20260723/ces/lambda20_d001/events.csv	5730702	78edabe88dc149fca9382c67b8ad7ea19a466a2dd6daca9133e535ce14fc3579
mature_parameter_sensitivity_seed42_20260723/ces/lambda20_d001/groups.csv	51910	97873a914ad035db67e5960ee6857b5b23ce5b5174fb4081ff1ba887dd95ee06
mature_parameter_sensitivity_seed42_20260723/ces/lambda20_d005/events.csv	5709939	aadcc004ff5eb312f7f3bb04c2842cd7f5dd980887544d0005e48b72a9eb3328
mature_parameter_sensitivity_seed42_20260723/ces/lambda20_d005/groups.csv	52053	a9fb3892225d5ec7f22fd84775246951ebdbd6057f1b67f57675ba995107125d
mature_parameter_sensitivity_seed42_20260723/ces/lambda20_d010/events.csv	5704975	7ed6c47db09b04ecec6483a7b773c2ade770685bbd96a28df48fe7dcb11fccd2
mature_parameter_sensitivity_seed42_20260723/ces/lambda20_d010/groups.csv	51961	bb9cfa15285e143c11d099dee3fae66ac55d5f09ec727c43df3d065a3f145814
mature_parameter_sensitivity_seed42_20260723/ces/lambda20_d020/events.csv	5733811	3af521626c84505d986d16691b8ef2eef69dffeaf55cd33c88fe4aac96d0551e
mature_parameter_sensitivity_seed42_20260723/ces/lambda20_d020/groups.csv	52038	3ea319b3cfb4a4d2d694cb86a9d6eba32a4578d515f4a1b7967bb741a4210128
mature_parameter_sensitivity_seed42_20260723/ces/lambda40_d010/events.csv	5726838	0bc438f1981e598cbe58ea04bae2b682a31b8ad68ee7f776cfe7d0eb5e375258
mature_parameter_sensitivity_seed42_20260723/ces/lambda40_d010/groups.csv	51969	4c012f5771420b74a204dc5391de68cd00b6fea699decaa2f1e528df6587f032
mature_parameter_sensitivity_seed42_20260723/ces/lambda80_d010/events.csv	5722249	c57e942567c1b0920db7a170b0836c8e89f7621100ce945c1aad8c6259987ebd
mature_parameter_sensitivity_seed42_20260723/ces/lambda80_d010/groups.csv	52017	c51d4473f10f4a9dc608d66fdd097857b4efc4790a3f1c4651520349c0328b46
mature_parameter_sensitivity_seed42_20260723/globem/lambda05_d010/events.csv	1048948	2f94603a9f33045d850d3b2eb791ed3f4a909ef37aca585668e249ab4c536f21
mature_parameter_sensitivity_seed42_20260723/globem/lambda05_d010/groups.csv	11067	0f81e7fd9d6ea9d2904f13343d90610c8129825468ab2203a546458f52eee009
mature_parameter_sensitivity_seed42_20260723/globem/lambda10_d000/events.csv	1048427	977565b2b783f9dc6d3215d5d74b8311227e14549f9c24f520533f6587101f93
mature_parameter_sensitivity_seed42_20260723/globem/lambda10_d000/groups.csv	11070	770ef7c1d084552e6820dbb85a98400576ed716365af7ffa98b4c138942ba5d5
mature_parameter_sensitivity_seed42_20260723/globem/lambda10_d001/events.csv	1050303	714b62e6de9e3836a95e883a875fb68f65eae2f921ef9b1aefcd32db7ecbba10
mature_parameter_sensitivity_seed42_20260723/globem/lambda10_d001/groups.csv	11096	add12b9d3466252b73631cc25ec859151e81a566dbe4831e97ceb1f0bd34ba81
mature_parameter_sensitivity_seed42_20260723/globem/lambda10_d005/events.csv	1048808	3e72ef43146fe01c99c7ee4746b45478c4fa6d6157fea71e5fded86557dc5191
mature_parameter_sensitivity_seed42_20260723/globem/lambda10_d005/groups.csv	11070	18b09b2307ee7fa94b705e6537fc5fd617c4df74661342b9e7fa43b7dec5a2c1
mature_parameter_sensitivity_seed42_20260723/globem/lambda10_d010/events.csv	1048833	901221e1e60668dfd7a97ab0977d2f816dae955d079f3c7c6a21c81f25352722
mature_parameter_sensitivity_seed42_20260723/globem/lambda10_d010/groups.csv	11070	3d6f67f9481b2eaf60023c4d34c9f46c4ddac074fa3f4260f7a3696bbe45b6d4
mature_parameter_sensitivity_seed42_20260723/globem/lambda10_d020/events.csv	1048875	2f3e94761df91d4d3a95ae5e3e50b17a81692e5b0501133085d4777fc125c01c
mature_parameter_sensitivity_seed42_20260723/globem/lambda10_d020/groups.csv	11035	8ec0a8f4581eaf8d2575ebb2a88eb2f834b5d428e65a6fa70fce63b56a232b09
mature_parameter_sensitivity_seed42_20260723/globem/lambda15_d010/events.csv	1048851	e877a849dacb05f502806860c5a8e16d7d5b1444c9ae29bdc085299bedc932d5
mature_parameter_sensitivity_seed42_20260723/globem/lambda15_d010/groups.csv	11035	c31f56fc979d8ef17c072f111c6cf2f7e14c4c39fdb271a40b1fa14dbcb8b891
mature_parameter_sensitivity_seed42_20260723/globem/lambda20_d010/events.csv	1048875	2f3e94761df91d4d3a95ae5e3e50b17a81692e5b0501133085d4777fc125c01c
mature_parameter_sensitivity_seed42_20260723/globem/lambda20_d010/groups.csv	11027	f04a277042d922b4fcaa466f37a2acdc7a3ddbfccdcb645264b03585f4e68880
no_split_focal_alpha_k_cross_seed42_20260723/ces/a005_k3/events.csv	5717362	f905ec33723822ed1e335aa2b0a6b9dacdee1278f25df6ebad7d1eef1e4c1d82
no_split_focal_alpha_k_cross_seed42_20260723/ces/a005_k3/groups.csv	52219	38a42820400ea8f83923a2c3575f8e01d381bd2264cb4887c6aeff835eeba548
no_split_focal_alpha_k_cross_seed42_20260723/ces/a005_k5/events.csv	5720473	f8885d6372c17a9ef61382a5660fdb8917f720486fe1b3536825070b5638b650
no_split_focal_alpha_k_cross_seed42_20260723/ces/a005_k5/groups.csv	52069	bb0964215cf38800a892312e5c6ac7dd87fac7f328558f5603e8602a293dcecb
no_split_focal_alpha_k_cross_seed42_20260723/globem/a010_k3/events.csv	1051173	8f694ff328805e0dd29b40044427159635e9d6992f81d276743ce127f7aa16a3
no_split_focal_alpha_k_cross_seed42_20260723/globem/a010_k3/groups.csv	11090	ce8308648de9ea6947832c61f2093d6b4379ee1a94be5e9911906bf292045f6a
no_split_focal_alpha_k_cross_seed42_20260723/globem/a010_k5/events.csv	1048966	f42cdbbca08404b5f620e4bfb9c5eae7d76d131defc7583cadfb31ae1c8a1ede
no_split_focal_alpha_k_cross_seed42_20260723/globem/a010_k5/groups.csv	11027	2ce1cbe85cf3d187a8f217b752b9d317fba6902b5ac5f854e91c9b672981dc13
no_split_focal_alpha_k_sensitivity_seed42_20260723/ces/alpha_005/events.csv	5709792	5aa64dbcb42e36a7a112dbeaa64d7b50258603e0b47bdd005aa294e9003a52e1
no_split_focal_alpha_k_sensitivity_seed42_20260723/ces/alpha_005/groups.csv	52180	f915bb0ba3e73a1553da9926b56204b994db6b634d3fd5caa57223993a986e50
no_split_focal_alpha_k_sensitivity_seed42_20260723/ces/alpha_010/events.csv	5717713	79028e23b57a94cbbd283649641afab119a6cb433f5b30cd5e7e53391f7c73d8
no_split_focal_alpha_k_sensitivity_seed42_20260723/ces/alpha_010/groups.csv	52022	be2c281a68a6ad18d4bf821aedd59f87bc504d1fda205dfe66e36409d4ddfb9c
no_split_focal_alpha_k_sensitivity_seed42_20260723/ces/k3/events.csv	5765903	de7091db4cb0a7584cea10945ee1e4d5a947d0df167d26e63cc59702f1979d95
no_split_focal_alpha_k_sensitivity_seed42_20260723/ces/k3/groups.csv	52193	e1b4041b4de8a04511771201b369c6c638b449b30af143b0f3b5ee064ff7abba
no_split_focal_alpha_k_sensitivity_seed42_20260723/ces/k5/events.csv	5740399	ef5dc7beb75c347d9c9b9eb698194f50565a9832fdbeb9b1bbd7964b32f805e1
no_split_focal_alpha_k_sensitivity_seed42_20260723/ces/k5/groups.csv	51982	1bc8ddf07cf0f1c62d222a91c37e10e7feb13b3295a893bbcf96d6909fc165d9
no_split_focal_alpha_k_sensitivity_seed42_20260723/globem/alpha_005/events.csv	1049491	a6fe7a0bbdcf9bc7f3936edc5b250a519f39e14f526d0e82bbdad91d5b9dedca
no_split_focal_alpha_k_sensitivity_seed42_20260723/globem/alpha_005/groups.csv	11050	84cb7b22f4f183a31026c25d5dac7ec5c88d8d529bdd96239afc6c87fe6696cf
no_split_focal_alpha_k_sensitivity_seed42_20260723/globem/alpha_010/events.csv	1049654	cfac1565ac71b8591100a5b31cb95fc0f9ba9cbd970a97b3505ef3cb77f3623b
no_split_focal_alpha_k_sensitivity_seed42_20260723/globem/alpha_010/groups.csv	11047	79680d7ee02165a8ccf8a6a521f3dae1fad87e2c7e73fd5a6fc90a89412b959f
no_split_focal_alpha_k_sensitivity_seed42_20260723/globem/k3/events.csv	1049833	54f418cf27cea203aad583ca8643676a9b0b72a8f5867703a3225df7b86da9ac
no_split_focal_alpha_k_sensitivity_seed42_20260723/globem/k3/groups.csv	11088	0b45a0ba9500fb81ec436f124bf09138194519424ced3e13a22d62e53af20c02
no_split_focal_alpha_k_sensitivity_seed42_20260723/globem/k5/events.csv	1052810	b6d92e5785ab2f2a89a5770dd031f5802166fd47fe722c2b150cbe9b3fc76f66
no_split_focal_alpha_k_sensitivity_seed42_20260723/globem/k5/groups.csv	11087	86073d93dbe08f9ff3e299b07a604e6b4848fcf254d1000562729f879888e720
olifl_ces_scope_rerun_20260724/ces/olifl_global_seed42/events.csv	6990288	0bbda20ec882f523c1c62cac7047dca10fda846cba0f01a5503dceabbf617e30
olifl_ces_scope_rerun_20260724/ces/olifl_per_user_seed42/events.csv	7014866	8320882a13df8eb8cef8e652df85fe2530bb8a6c6901be16493ab0564ca87bf7
online_sota_ces_hbp_rerun_20260724/ces/hbp_global_seed42/events.csv	5675478	4a06aa896a924b579088f7c6b4973836c0571e79edf50d60e05f8ef393aaf93c
online_sota_ces_hbp_rerun_20260724/ces/hbp_per_user_seed42/events.csv	5709778	edc2db457e1ec12a706559fba2237e5e57500ddbaf46eea55149b847f7063d82
online_sota_ces_scope_rerun_20260724/ces/koil_global_seed42/events.csv	6016224	6ce91f54450ad031110ba415c293f5c29fe9c87374008c50e6808bdd784617e2
online_sota_ces_scope_rerun_20260724/ces/koil_per_user_seed42/events.csv	6024552	62d5facdbf418b8f7c596fd41d20c4e4c56a1c613c475cf8414839bd20afd0eb
online_sota_ces_scope_rerun_20260724/ces/olfl_global_seed42/events.csv	6626452	3951436d8526f0e42815d9e0f0ea0a0f241e6a4068791237b7f5ba3086d7684e
online_sota_ces_scope_rerun_20260724/ces/olfl_per_user_seed42/events.csv	6383960	76206a4692b646875b095debaea3739eacb0bcfac042557a4a1088776aa8e9b4
online_sota_ces_scope_rerun_20260724/ces/oli2ds_global_seed42/events.csv	6329229	d6a5bff92e73dd08b6a64049ae276ec09594a12b4eda110d57d4b4b5ecbf2f12
online_sota_ces_scope_rerun_20260724/ces/oli2ds_per_user_seed42/events.csv	6338385	21bcec6ff026f9b6766a182f5af467b4f93c5b6b67b55b6490325528ef877d0c
regroup_onoff_tuned_20260722/ces/regroup_off_seed42/events.csv	6386079	051783953e20ccbdce4ba91e8612bffe9b5ec48d9243e92d085b3b1a576c1193
regroup_onoff_tuned_20260722/ces/regroup_off_seed42/groups.csv	1210	d0a909ad8a7c0b24193aef0cd425f866e9ba36affd264478fca64d3607edf9f9
regroup_onoff_tuned_20260722/globem/regroup_off_seed42/events.csv	988045	4fdecadbcc4c117104d80589c2ef8d06f2ff801bedeac53d82c6faa432f9b84c
regroup_onoff_tuned_20260722/globem/regroup_off_seed42/groups.csv	1217	d75387f5ffdc57b04c922b7709a325f7b0e540d73d0890cc231ab79915135c03
regroup_onoff_tuned_20260722/globem/regroup_on_seed42/events.csv	1049692	7fc8b0f0763237537b6202efdb53857c3589ac7bcbf7cb2aaf2fd2d897e2a52c
regroup_onoff_tuned_20260722/globem/regroup_on_seed42/groups.csv	11020	89ea18f4cfc72897029c82d65fa0fa3b7ea5bf742797dbbfa5b488a4a2f5d7d7
reproduce_global_per_user_f1_20260724/ces/olifl_global_seed42/events.csv	6990288	0bbda20ec882f523c1c62cac7047dca10fda846cba0f01a5503dceabbf617e30
reproduce_global_per_user_f1_20260724/ces/olifl_per_user_seed42/events.csv	7014866	8320882a13df8eb8cef8e652df85fe2530bb8a6c6901be16493ab0564ca87bf7
selected_no_split_ablation_seed42_20260723/ces/clean/events.csv	5747397	aabe8b761bd3c8457273c86ed8f781035822e81ac5babdb8d08829973a4c7220
selected_no_split_ablation_seed42_20260723/ces/clean/groups.csv	51826	80b458399c3b43665dd2298229f62ab9b9c98a143151f57779e6708d33d5b551
selected_no_split_ablation_seed42_20260723/ces/feature_grouping/events.csv	5667712	c617f95357ff049089cef444e947ed24559b6c1e8772ec979d735176ff161774
selected_no_split_ablation_seed42_20260723/ces/feature_grouping/groups.csv	51755	2e79ca1f88e65c3d34bb855bc40231e5d9d6097a24b5127e2fd324001651c03d
selected_no_split_ablation_seed42_20260723/ces/global_shared/events.csv	5341336	cd75aa87238e558351caefa770f362677cb15637694152dad15dce5a20a9e31a
selected_no_split_ablation_seed42_20260723/ces/global_shared/groups.csv	1	01ba4719c80b6fe911b091a7c05124b64eeece964e09c058ef8f9805daca546b
selected_no_split_ablation_seed42_20260723/ces/per_user_adapter/events.csv	6693973	78f2282464634e990774e454299ababefeac33749fb69abe2a1ac371a90cdf10
selected_no_split_ablation_seed42_20260723/ces/per_user_adapter/groups.csv	1	01ba4719c80b6fe911b091a7c05124b64eeece964e09c058ef8f9805daca546b
selected_no_split_ablation_seed42_20260723/ces/random_grouping/events.csv	5657033	44e09e9a5d9d67cf2331a3ceac4437f1117f8b91b0f14bb099f2c0d646bd32de
selected_no_split_ablation_seed42_20260723/ces/random_grouping/groups.csv	42017	3385653365ac184f853ad805e848be33c260066696ce37afed757012f8d4953d
selected_no_split_ablation_seed42_20260723/globem/clean/events.csv	1050079	ba253aaefc097a212f13a8c3c2aaaa3614c6918d182e0ee188073848af9418a2
selected_no_split_ablation_seed42_20260723/globem/clean/groups.csv	11061	e1aed49572abc4855fa61886444c88c3f6cd9101728099ba50d1d1d44f9267ab
selected_no_split_ablation_seed42_20260723/globem/feature_grouping/events.csv	1015210	99e39a87ae89ff035c873d0840d02bf0cdca3a9862fe09a77cb2c930cc04a779
selected_no_split_ablation_seed42_20260723/globem/feature_grouping/groups.csv	11093	d7f5464a192e459057f600b3cec73d221c31eeb46981414d65579df3591d44a3
selected_no_split_ablation_seed42_20260723/globem/global_shared/events.csv	943887	0f787e44c61ce716c237e4a7f02004a18567af09eca0f805cb0dec2a3a9e1d31
selected_no_split_ablation_seed42_20260723/globem/global_shared/groups.csv	1	01ba4719c80b6fe911b091a7c05124b64eeece964e09c058ef8f9805daca546b
selected_no_split_ablation_seed42_20260723/globem/per_user_adapter/events.csv	1088260	baabd9e67cc887f416d20f37b6453749021c2991d3b3cf62a012134bd845da80
selected_no_split_ablation_seed42_20260723/globem/per_user_adapter/groups.csv	1	01ba4719c80b6fe911b091a7c05124b64eeece964e09c058ef8f9805daca546b
selected_no_split_ablation_seed42_20260723/globem/random_grouping/events.csv	1009011	870a20ef6cccb4168aa17659b451404c12114fd82c89185f8adbde4ad512f120
selected_no_split_ablation_seed42_20260723/globem/random_grouping/groups.csv	9011	b509482d101384e5064ce12b5268b36bb80e4a814b7075e674bae2b4e6c31ac8
server_reproduction_7d674c8_20260722/ces/full_final/seed_42/events.csv	5711506	e0259fc8ee75da1ffac262d4fa0d1aca43f5027725df8c31c7d5f82bcfd4b580
server_reproduction_7d674c8_20260722/ces/full_final/seed_42/groups.csv	39965	6b624329ddb5e3687b452b9628e796562fbbe1d02e1fe73cc58c8c55671f28c9
server_reproduction_7d674c8_20260722/globem/full_final/seed_42/events.csv	1028833	62b7b5a55354650b09696e16d5bddf1f48c009c420dbb19e8791b27f82fafea8
server_reproduction_7d674c8_20260722/globem/full_final/seed_42/groups.csv	7739	687ab2b1b47d57d7703e706caa370e44fea9432ab3251b1d8484b56b187f4f80
sg_shadow_personal_globem_20260722/shadow_no_refresh_seed42/events.csv	1054040	72f25b964962d82912434b783fe9df8f55c5bb92fc00adc9a7bffd9de8161e35
sg_shadow_personal_globem_20260722/shadow_no_refresh_seed42/groups.csv	9749	5750b719b671364dbaf82f23728019e72f7258f284dda238904f6db30f54e27c
sg_shadow_personal_globem_20260722/shadow_refresh_a10_seed42/events.csv	1049751	6994081ce254226f29ff6782ac1b0f70bd315275743b3217c0329287e3d10e17
sg_shadow_personal_globem_20260722/shadow_refresh_a10_seed42/groups.csv	12043	d48aae45997f4788daf80df6a2fc0066a94ea0e684787de2367580bd77aa17c5
sg_shadow_personal_globem_20260722/shadow_refresh_a30_seed42/events.csv	1049376	e8f0bee21790eb334f166a11dce000742cd5589624e85d5f30e0b0d1288305c1
sg_shadow_personal_globem_20260722/shadow_refresh_a30_seed42/groups.csv	11940	6c7ba4bbdc0b25dfcca4acac79bf605757bee1bcb326e3d0a3fc41a96ec4c299
sg_shadow_personal_globem_20260722/standalone_seed42/events.csv	1049576	65194bdfb576a20e0f51d3912835da2f3405f017eab1189235f690d51a6d4e40
sg_shadow_personal_globem_20260722/standalone_seed42/groups.csv	9683	a2f371cdacc4e251d76f9ecac63a9316490bc09cfe8e003c17f8aed0b4bfd4fd
sg_shadow_personal_globem_20260722/user_mean_seed42/events.csv	1057106	9a7d07c402c1eac561668bbe8de220cca433d8a871f731d9ceac477f17360143
sg_shadow_personal_globem_20260722/user_mean_seed42/groups.csv	9731	1a79bd3bc96a839f01eb162637fe7204c1c1fff144701365de6cfd126941371a
sg_shadow_personal_globem_confirm_20260722/shadow_no_refresh_seed43/events.csv	1054261	089df3e228278486e9f9e25460448746549ca384831b3b18be81348f4ed82ae9
sg_shadow_personal_globem_confirm_20260722/shadow_no_refresh_seed43/groups.csv	9713	1a35128f88280d99a03430e32bfa823e056d643d1f747e400ea2ec242b974603
sg_shadow_personal_globem_confirm_20260722/shadow_no_refresh_seed44/events.csv	1057160	b4b0a4e6d86cde848844e0075da0afea84c130ad0e28fe2154eb1fb6694ef205
sg_shadow_personal_globem_confirm_20260722/shadow_no_refresh_seed44/groups.csv	9763	7c5df45a9e8b9d881ef13671b48849fda1aabba38663ea42c4abec03c5da2f90
sg_shadow_personal_globem_confirm_20260722/standalone_seed43/events.csv	1050859	87861d09b38e40c4a473cec14efdb05d9a0d2c4c7218b5246bd546dcea079b7c
sg_shadow_personal_globem_confirm_20260722/standalone_seed43/groups.csv	9757	3f79a86644b393f3b1031a7496a06973f99ab7d9cd39c6e4bbf612db6a96157e
sg_shadow_personal_globem_confirm_20260722/standalone_seed44/events.csv	1053274	3da25f3a6668c1c1a92b521852c4ffd1e769b2f40610f0ad7abb72fcd66a5c54
sg_shadow_personal_globem_confirm_20260722/standalone_seed44/groups.csv	9783	cf75662f58b85c5b1c97f3c59891df41fe0edb9b23fa06a4880e95181e529c2c
shadow_device_benchmark_cpu/standalone_seed42/events.csv	121578	ad90989fb481d4d29a973131591146914bc8f53bfd03078f9170999c29566e9c
shadow_device_benchmark_cpu/standalone_seed42/groups.csv	1822	a87c150ca402b8ad8a3f6388ef764ac6fd7ac010296190bdf1e407487ff5443b
shadow_device_benchmark_cuda/shadow_refresh_a10_seed42/events.csv	121563	83e7dcb067c78da70f0a2928539c44fdde75b7aabe7e8515814324e995d464c4
shadow_device_benchmark_cuda/shadow_refresh_a10_seed42/groups.csv	2064	5de08083af5308365996eecd35921ed4ea5ff4849ed97a32fdfebf00be60ad23
shadow_device_benchmark_cuda/standalone_seed42/events.csv	121585	f283fa1ed04785120d5fc7d0c4401b18f9681d5742bd5c69e0d68233c3052c0d
shadow_device_benchmark_cuda/standalone_seed42/groups.csv	1823	150a5e78aa7346b86e7dd4320a10a15903ebb65c34f9a0cff3fdde8ff10dc6f5
zhuoxuan_f211898_20260722/globem_group_adapter/standalone_seed42/events.csv	1048164	91f20b04963f984be3f8bc30e66a697647005a270ffac6c477522c9b6df5e681
zhuoxuan_f211898_20260722/globem_group_adapter/standalone_seed42/groups.csv	11068	6fdafef2e921ca9a25bfb20842a2d78c9b93181484e52264347a825da85b433b
zhuoxuan_requested_f211898_20260722/globem_sg/clean_gradient_seed42/events.csv	1049813	cadcfa8dd487f82c56da902f2236afe6e94a8ccfb04f890fa635a8ade507d38a
zhuoxuan_requested_f211898_20260722/globem_sg/clean_gradient_seed42/groups.csv	11022	b5ee9ecd90640aa08d919a56c15b57ce4853012d2aa64be39cc90522e884737c
zhuoxuan_requested_f211898_20260722/globem_sg/feature_grouping_seed42/events.csv	1033715	5fb93c873d24f7589802693bb3d8ebc5de9ec03a06f22e1c765ae38730489d60
zhuoxuan_requested_f211898_20260722/globem_sg/feature_grouping_seed42/groups.csv	11086	3f5efe271d610b0ba6f9855c99b01e92515f4b39036ba6fba9d840279d68f975
zhuoxuan_requested_f211898_20260722/globem_sg/full_final_seed42/events.csv	1053398	cfa56b31fbe634777d992986f31646ce76da8f5d75e3182fc7fe69de4cf86a10
zhuoxuan_requested_f211898_20260722/globem_sg/full_final_seed42/groups.csv	11084	013850766d898c6c8bc9d3040fa24c7d60cddf16468b1e0130cfb4ce40634062
